customerid,customername
CG-12520,Claire Gute
DV-13045,Darrin Van Huff
SO-20335,Sean O'Donnell
BH-11710,Brosina Hoffman
AA-10480,Andrew Allen
IM-15070,Irene Maddox
HP-14815,Harold Pawlan
PK-19075,Pete Kriz
AG-10270,Alejandro Grove
ZD-21925,Zuschuss Donatelli
KB-16585,Ken Black
SF-20065,Sandra Flanagan
EB-13870,Emily Burns
EH-13945,Eric Hoffmann
TB-21520,Tracy Blumstein
MA-17560,Matt Abelman
GH-14485,Gene Hale
SN-20710,Steve Nguyen
LC-16930,Linda Cazamias
RA-19885,Ruben Ausman
ES-14080,Erin Smith
ON-18715,Odella Nelson
PO-18865,Patrick O'Donnell
LH-16900,Lena Hernandez
DP-13000,Darren Powers
JM-15265,Janet Molinari
TB-21055,Ted Butterfield
KM-16720,Kunst Miller
PS-18970,Paul Stevenson
BS-11590,Brendan Sweed
KD-16270,Karen Daniels
HM-14980,Henry MacAllister
JE-15745,Joel Eaton
KB-16600,Ken Brennan
SC-20770,Stewart Carmichael
DN-13690,Duane Noonan
JC-16105,Julie Creighton
CS-12400,Christopher Schild
PG-18895,Paul Gonzalez
GM-14455,Gary Mitchum
JS-15685,Jim Sink
KB-16315,Karl Braun
RB-19705,Roger Barcio
PN-18775,Parhena Norris
KD-16345,Katherine Ducich
ER-13855,Elpida Rittenbach
RB-19465,Rick Bensley
GZ-14470,Gary Zandusky
LC-16870,Lena Cacioppo
JM-15250,Janet Martin
PA-19060,Pete Armstrong
CV-12805,Cynthia Voltz
CL-12565,Clay Ludtke
RC-19960,Ryan Crowe
DK-13090,Dave Kipp
GG-14650,Greg Guthrie
SC-20725,Steven Cartwright
AD-10180,Alan Dominguez
PF-19165,Philip Fox
TS-21610,Troy Staebel
LS-16975,Lindsay Shagiari
DW-13585,Dorothy Wardle
LC-16885,Lena Creighton
JD-15895,Jonathan Doherty
SH-19975,Sally Hughsby
SG-20080,Sandra Glassco
HA-14920,Helen Andreada
MG-17680,Maureen Gastineau
JE-16165,Justin Ellison
TW-21025,Tamara Willingham
SP-20650,Stephanie Phelps
NK-18490,Neil Knudson
DB-13060,Dave Brooks
NP-18670,Nora Paige
TT-21070,Ted Trevino
EM-13960,Eric Murdock
RD-19900,Ruben Dartt
MJ-17740,Max Jones
BM-11140,Becky Martin
CS-12130,Chad Sievert
JB-15400,Jennifer Braxton
SJ-20500,Shirley Jackson
JK-15640,Jim Kriz
DK-13150,David Kendrick
RM-19675,Robert Marley
SK-19990,Sally Knutson
FM-14290,Frank Merwin
AM-10360,Alice McCarthy
MP-17470,Mark Packer
MZ-17515,Mary Zewe
CB-12025,Cassandra Brandow
VM-21685,Valerie Mitchum
FH-14365,Fred Hopkins
MB-17305,Maria Bertelson
BS-11755,Bruce Stewart
LC-17140,Logan Currie
HK-14890,Heather Kirkland
LE-16810,Laurel Elliston
JH-15985,Joseph Holt
MS-17980,Michael Stewart
VW-21775,Victoria Wilson
JH-15910,Jonathan Howell
JB-15925,Joni Blumstein
DS-13180,David Smith
VD-21670,Valerie Dominguez
EA-14035,Erin Ashbrook
DB-13120,David Bremer
KL-16645,Ken Lonsdale
DW-13480,Dianna Wilson
LH-17155,Logan Haushalter
KC-16540,Kelly Collister
DL-13315,Delfina Latchford
DR-12880,Dan Reichenbach
CC-12670,Craig Carreira
Dl-13600,Dorris liebe
SB-20290,Sean Braxton
RC-19825,Roy Collins
AH-10210,Alan Hwang
CB-12535,Claudia Bergmann
CA-12310,Christine Abelman
KH-16690,Kristen Hastings
BB-10990,Barry Blumstein
AG-10495,Andrew Gjertsen
JO-15280,Jas O'Carroll
AH-10195,Alan Haines
NZ-18565,Nick Zandusky
KL-16555,Kelly Lampkin
AS-10225,Alan Schoenberger
CR-12625,Corey Roper
SH-20395,Shahid Hopkins
BP-11185,Ben Peterman
TS-21205,Thomas Seio
AG-10525,Andy Gerbode
SP-20860,Sung Pak
NM-18445,Nathan Mautz
FA-14230,Frank Atkinson
GK-14620,Grace Kelly
DJ-13510,Don Jones
PO-18850,Patrick O'Brill
JL-15850,John Lucas
DB-13615,Doug Bickford
AC-10420,Alyssa Crouse
CC-12550,Clay Cheatham
TD-20995,Tamara Dahlen
AB-10060,Adam Bellavance
JL-15505,Jeremy Lonsdale
VB-21745,Victoria Brennan
KW-16435,Katrina Willman
JD-16060,Julia Dunbar
MK-17905,Michael Kennedy
GT-14755,Guy Thornton
AG-10900,Arthur Gainer
MM-18280,Muhammed MacIntyre
AR-10405,Allen Rosenblatt
RA-19915,Russell Applegate
AS-10285,Alejandro Savely
LA-16780,Laura Armstrong
DO-13435,Denny Ordway
DK-13225,Dean Katz
NG-18430,Nathan Gelder
MV-18190,Mike Vittorini
JG-15115,Jack Garza
BP-11095,Bart Pistole
VP-21730,Victor Preis
SS-20140,Saphhira Shifley
AG-10675,Anna Gayman
LF-17185,Luke Foster
RF-19840,Roy Französisch
KH-16510,Keith Herrera
KC-16675,Kimberly Carter
CJ-12010,Caroline Jumper
PB-19150,Philip Brown
MP-17965,Michael Paige
NF-18385,Natalie Fritzler
SD-20485,Shirley Daniels
KH-16630,Ken Heidel
RB-19795,Ross Baird
MK-18160,Mike Kennedy
PO-19180,Philisse Overcash
BB-11545,Brenda Bowman
TB-21595,Troy Blackwell
RB-19360,Raymond Buch
EB-13705,Ed Braxton
SC-20095,Sanjit Chand
TN-21040,Tanja Norvell
JS-15940,Joni Sundaresam
MH-17785,Maya Herman
JP-15520,Jeremy Pistek
JE-15475,Jeremy Ellison
JG-15805,John Grady
XP-21865,Xylona Preis
EM-14065,Erin Mull
MT-18070,Michelle Tran
SA-20830,Sue Ann Reed
CW-11905,Carl Weiss
AJ-10960,Astrea Jones
SS-20590,Sonia Sunley
RO-19780,Rose O'Brian
MD-17350,Maribeth Dona
MY-17380,Maribeth Yedwab
CM-12385,Christopher Martinez
LS-17245,Lynn Smith
BN-11515,Bradley Nguyen
DB-13210,Dean Braden
MC-17605,Matt Connell
BD-11605,Brian Dahlen
PH-18790,Patricia Hirasaki
MG-18145,Mike Gockenbach
KB-16240,Karen Bern
JC-15340,Jasper Cacioppo
RL-19615,Rob Lucas
AA-10375,Allen Armold
EP-13915,Emily Phan
DK-12985,Darren Koutras
BD-11500,Bradley Drucker
LM-17065,Liz MacKendrick
AS-10135,Adrian Shami
BD-11320,Bill Donatelli
GT-14710,Greg Tran
AJ-10945,Ashley Jarboe
OT-18730,Olvera Toch
LP-17080,Liz Pelletier
CA-12775,Cynthia Arntzen
JF-15490,Jeremy Farry
FP-14320,Frank Preis
EB-13840,Ellis Ballard
JF-15415,Jennifer Ferguson
SF-20200,Sarah Foster
TG-21640,Trudy Glocke
CS-11950,Carlos Soltero
CC-12145,Charles Crestani
DV-13465,Dianna Vittorini
BD-11725,Bruce Degenhardt
ZC-21910,Zuschuss Carroll
MS-17830,Melanie Seite
LR-16915,Lena Radford
TP-21130,Theone Pippenger
CK-12205,Chloris Kastensmidt
AS-10240,Alan Shonely
AR-10510,Andrew Roberts
NB-18655,Nona Balk
GD-14590,Giulietta Dortch
CK-12595,Clytie Kelty
NG-18355,Nat Gilpin
CA-12265,Christina Anderson
SF-20965,Sylvia Foulston
MO-17800,Meg O'Connel
AT-10735,Annie Thurman
FM-14380,Fred McMath
DJ-13420,Denny Joy
ME-17725,Max Engle
JD-16150,Justin Deggeller
JL-15835,John Lee
SC-20305,Sean Christensen
CC-12430,Chuck Clark
AR-10825,Anthony Rawles
SR-20740,Steven Roelle
CR-12730,Craig Reiter
EH-14125,Eugene Hildebrand
SP-20545,Sibella Parks
TH-21235,Tiffany House
RP-19390,Resi Pölking
RB-19570,Rob Beeghly
CD-11980,Carol Darley
DJ-13630,Doug Jacobs
GT-14635,Grant Thornton
MC-17845,Michael Chen
RA-19285,Ralph Arnett
NP-18325,Naresj Patel
AB-10165,Alan Barnes
JO-15550,Jesus Ocampo
